260	/mnt/d/My_abc_work/abc/iwls26/results/ex275_006.aig
274	/mnt/d/My_abc_work/abc/iwls26/results/ex265_011.aig
276	/mnt/d/My_abc_work/abc/iwls26/results/ex265_009.aig
279	/mnt/d/My_abc_work/abc/iwls26/results/ex265_008.aig
317	/mnt/d/My_abc_work/abc/iwls26/results/ex265_007.aig
347	/mnt/d/My_abc_work/abc/iwls26/results/ex276_012.aig
354	/mnt/d/My_abc_work/abc/iwls26/results/ex276_008.aig
354	/mnt/d/My_abc_work/abc/iwls26/results/ex276_014.aig
359	/mnt/d/My_abc_work/abc/iwls26/results/ex276_011.aig
366	/mnt/d/My_abc_work/abc/iwls26/results/ex276_010.aig
376	/mnt/d/My_abc_work/abc/iwls26/results/ex276_009.aig
391	/mnt/d/My_abc_work/abc/iwls26/results/ex260_010.aig
392	/mnt/d/My_abc_work/abc/iwls26/results/ex260_011.aig
396	/mnt/d/My_abc_work/abc/iwls26/results/ex255_014.aig
398	/mnt/d/My_abc_work/abc/iwls26/results/ex255_013.aig
402	/mnt/d/My_abc_work/abc/iwls26/results/ex255_012.aig
405	/mnt/d/My_abc_work/abc/iwls26/results/ex255_011.aig
410	/mnt/d/My_abc_work/abc/iwls26/results/ex260_009.aig
418	/mnt/d/My_abc_work/abc/iwls26/results/ex266_010.aig
422	/mnt/d/My_abc_work/abc/iwls26/results/ex266_009.aig
427	/mnt/d/My_abc_work/abc/iwls26/results/ex255_010.aig
464	/mnt/d/My_abc_work/abc/iwls26/results/ex277_016.aig
482	/mnt/d/My_abc_work/abc/iwls26/results/ex253_020.aig
483	/mnt/d/My_abc_work/abc/iwls26/results/ex253_019.aig
485	/mnt/d/My_abc_work/abc/iwls26/results/ex253_018.aig
486	/mnt/d/My_abc_work/abc/iwls26/results/ex277_020.aig
486	/mnt/d/My_abc_work/abc/iwls26/results/ex277_022.aig
487	/mnt/d/My_abc_work/abc/iwls26/results/ex253_016.aig
490	/mnt/d/My_abc_work/abc/iwls26/results/ex277_018.aig
490	/mnt/d/My_abc_work/abc/iwls26/results/ex277_019.aig
499	/mnt/d/My_abc_work/abc/iwls26/results/ex253_015.aig
501	/mnt/d/My_abc_work/abc/iwls26/results/ex249_016.aig
502	/mnt/d/My_abc_work/abc/iwls26/results/ex277_015.aig
508	/mnt/d/My_abc_work/abc/iwls26/results/ex277_014.aig
526	/mnt/d/My_abc_work/abc/iwls26/results/ex277_013.aig
529	/mnt/d/My_abc_work/abc/iwls26/results/ex249_017.aig
535	/mnt/d/My_abc_work/abc/iwls26/results/ex249_015.aig
541	/mnt/d/My_abc_work/abc/iwls26/results/ex249_014.aig
542	/mnt/d/My_abc_work/abc/iwls26/results/ex249_013.aig
550	/mnt/d/My_abc_work/abc/iwls26/results/ex280_018.aig
551	/mnt/d/My_abc_work/abc/iwls26/results/ex280_016.aig
561	/mnt/d/My_abc_work/abc/iwls26/results/ex249_012.aig
566	/mnt/d/My_abc_work/abc/iwls26/results/ex280_015.aig
567	/mnt/d/My_abc_work/abc/iwls26/results/ex277_012.aig
569	/mnt/d/My_abc_work/abc/iwls26/results/ex280_014.aig
578	/mnt/d/My_abc_work/abc/iwls26/results/ex249_011.aig
578	/mnt/d/My_abc_work/abc/iwls26/results/ex281_022.aig
588	/mnt/d/My_abc_work/abc/iwls26/results/ex281_020.aig
589	/mnt/d/My_abc_work/abc/iwls26/results/ex281_018.aig
595	/mnt/d/My_abc_work/abc/iwls26/results/ex246_017.aig
595	/mnt/d/My_abc_work/abc/iwls26/results/ex281_016.aig
596	/mnt/d/My_abc_work/abc/iwls26/results/ex246_019.aig
596	/mnt/d/My_abc_work/abc/iwls26/results/ex247_017.aig
597	/mnt/d/My_abc_work/abc/iwls26/results/ex246_018.aig
598	/mnt/d/My_abc_work/abc/iwls26/results/ex270_016.aig
598	/mnt/d/My_abc_work/abc/iwls26/results/ex270_019.aig
601	/mnt/d/My_abc_work/abc/iwls26/results/ex247_019.aig
603	/mnt/d/My_abc_work/abc/iwls26/results/ex285_013.aig
607	/mnt/d/My_abc_work/abc/iwls26/results/ex270_023.aig
607	/mnt/d/My_abc_work/abc/iwls26/results/ex277_011.aig
608	/mnt/d/My_abc_work/abc/iwls26/results/ex247_016.aig
613	/mnt/d/My_abc_work/abc/iwls26/results/ex285_012.aig
618	/mnt/d/My_abc_work/abc/iwls26/results/ex270_017.aig
619	/mnt/d/My_abc_work/abc/iwls26/results/ex246_015.aig
625	/mnt/d/My_abc_work/abc/iwls26/results/ex281_015.aig
628	/mnt/d/My_abc_work/abc/iwls26/results/ex246_014.aig
629	/mnt/d/My_abc_work/abc/iwls26/results/ex285_011.aig
630	/mnt/d/My_abc_work/abc/iwls26/results/ex247_015.aig
636	/mnt/d/My_abc_work/abc/iwls26/results/ex270_014.aig
636	/mnt/d/My_abc_work/abc/iwls26/results/ex283_020.aig
638	/mnt/d/My_abc_work/abc/iwls26/results/ex286_014.aig
641	/mnt/d/My_abc_work/abc/iwls26/results/ex283_018.aig
642	/mnt/d/My_abc_work/abc/iwls26/results/ex282_018.aig
643	/mnt/d/My_abc_work/abc/iwls26/results/ex282_016.aig
646	/mnt/d/My_abc_work/abc/iwls26/results/ex280_013.aig
648	/mnt/d/My_abc_work/abc/iwls26/results/ex247_014.aig
650	/mnt/d/My_abc_work/abc/iwls26/results/ex270_013.aig
652	/mnt/d/My_abc_work/abc/iwls26/results/ex281_014.aig
655	/mnt/d/My_abc_work/abc/iwls26/results/ex246_013.aig
660	/mnt/d/My_abc_work/abc/iwls26/results/ex261_016.aig
667	/mnt/d/My_abc_work/abc/iwls26/results/ex286_015.aig
675	/mnt/d/My_abc_work/abc/iwls26/results/ex286_013.aig
676	/mnt/d/My_abc_work/abc/iwls26/results/ex261_019.aig
681	/mnt/d/My_abc_work/abc/iwls26/results/ex260_008.aig
683	/mnt/d/My_abc_work/abc/iwls26/results/ex282_015.aig
684	/mnt/d/My_abc_work/abc/iwls26/results/ex261_017.aig
687	/mnt/d/My_abc_work/abc/iwls26/results/ex261_018.aig
690	/mnt/d/My_abc_work/abc/iwls26/results/ex280_012.aig
691	/mnt/d/My_abc_work/abc/iwls26/results/ex270_012.aig
700	/mnt/d/My_abc_work/abc/iwls26/results/ex261_015.aig
700	/mnt/d/My_abc_work/abc/iwls26/results/ex283_017.aig
703	/mnt/d/My_abc_work/abc/iwls26/results/ex285_010.aig
705	/mnt/d/My_abc_work/abc/iwls26/results/ex261_014.aig
705	/mnt/d/My_abc_work/abc/iwls26/results/ex282_014.aig
706	/mnt/d/My_abc_work/abc/iwls26/results/ex213_020.aig
707	/mnt/d/My_abc_work/abc/iwls26/results/ex281_013.aig
708	/mnt/d/My_abc_work/abc/iwls26/results/ex286_012.aig
710	/mnt/d/My_abc_work/abc/iwls26/results/ex213_019.aig
711	/mnt/d/My_abc_work/abc/iwls26/results/ex284_024.aig
712	/mnt/d/My_abc_work/abc/iwls26/results/ex283_016.aig
713	/mnt/d/My_abc_work/abc/iwls26/results/ex287_015.aig
715	/mnt/d/My_abc_work/abc/iwls26/results/ex284_022.aig
717	/mnt/d/My_abc_work/abc/iwls26/results/ex286_011.aig
720	/mnt/d/My_abc_work/abc/iwls26/results/ex212_013.aig
721	/mnt/d/My_abc_work/abc/iwls26/results/ex212_019.aig
721	/mnt/d/My_abc_work/abc/iwls26/results/ex213_018.aig
721	/mnt/d/My_abc_work/abc/iwls26/results/ex287_013.aig
726	/mnt/d/My_abc_work/abc/iwls26/results/ex255_009.aig
727	/mnt/d/My_abc_work/abc/iwls26/results/ex213_016.aig
730	/mnt/d/My_abc_work/abc/iwls26/results/ex281_012.aig
732	/mnt/d/My_abc_work/abc/iwls26/results/ex212_016.aig
733	/mnt/d/My_abc_work/abc/iwls26/results/ex212_015.aig
733	/mnt/d/My_abc_work/abc/iwls26/results/ex284_018.aig
735	/mnt/d/My_abc_work/abc/iwls26/results/ex213_014.aig
736	/mnt/d/My_abc_work/abc/iwls26/results/ex211_015.aig
737	/mnt/d/My_abc_work/abc/iwls26/results/ex211_014.aig
738	/mnt/d/My_abc_work/abc/iwls26/results/ex261_013.aig
740	/mnt/d/My_abc_work/abc/iwls26/results/ex212_014.aig
741	/mnt/d/My_abc_work/abc/iwls26/results/ex211_013.aig
742	/mnt/d/My_abc_work/abc/iwls26/results/ex211_012.aig
744	/mnt/d/My_abc_work/abc/iwls26/results/ex267_014.aig
747	/mnt/d/My_abc_work/abc/iwls26/results/ex246_012.aig
747	/mnt/d/My_abc_work/abc/iwls26/results/ex284_016.aig
758	/mnt/d/My_abc_work/abc/iwls26/results/ex211_011.aig
758	/mnt/d/My_abc_work/abc/iwls26/results/ex267_011.aig
759	/mnt/d/My_abc_work/abc/iwls26/results/ex287_012.aig
760	/mnt/d/My_abc_work/abc/iwls26/results/ex212_012.aig
761	/mnt/d/My_abc_work/abc/iwls26/results/ex214_013.aig
761	/mnt/d/My_abc_work/abc/iwls26/results/ex267_010.aig
765	/mnt/d/My_abc_work/abc/iwls26/results/ex284_017.aig
770	/mnt/d/My_abc_work/abc/iwls26/results/ex211_010.aig
770	/mnt/d/My_abc_work/abc/iwls26/results/ex213_013.aig
774	/mnt/d/My_abc_work/abc/iwls26/results/ex214_015.aig
776	/mnt/d/My_abc_work/abc/iwls26/results/ex214_014.aig
780	/mnt/d/My_abc_work/abc/iwls26/results/ex213_012.aig
784	/mnt/d/My_abc_work/abc/iwls26/results/ex283_014.aig
785	/mnt/d/My_abc_work/abc/iwls26/results/ex213_011.aig
795	/mnt/d/My_abc_work/abc/iwls26/results/ex214_012.aig
799	/mnt/d/My_abc_work/abc/iwls26/results/ex214_011.aig
804	/mnt/d/My_abc_work/abc/iwls26/results/ex212_011.aig
808	/mnt/d/My_abc_work/abc/iwls26/results/ex248_027.aig
811	/mnt/d/My_abc_work/abc/iwls26/results/ex214_010.aig
833	/mnt/d/My_abc_work/abc/iwls26/results/ex288_013.aig
837	/mnt/d/My_abc_work/abc/iwls26/results/ex288_015.aig
839	/mnt/d/My_abc_work/abc/iwls26/results/ex248_023.aig
840	/mnt/d/My_abc_work/abc/iwls26/results/ex248_025.aig
842	/mnt/d/My_abc_work/abc/iwls26/results/ex248_022.aig
844	/mnt/d/My_abc_work/abc/iwls26/results/ex248_026.aig
845	/mnt/d/My_abc_work/abc/iwls26/results/ex270_011.aig
846	/mnt/d/My_abc_work/abc/iwls26/results/ex248_024.aig
850	/mnt/d/My_abc_work/abc/iwls26/results/ex248_021.aig
852	/mnt/d/My_abc_work/abc/iwls26/results/ex289_017.aig
859	/mnt/d/My_abc_work/abc/iwls26/results/ex248_020.aig
859	/mnt/d/My_abc_work/abc/iwls26/results/ex287_011.aig
860	/mnt/d/My_abc_work/abc/iwls26/results/ex270_010.aig
860	/mnt/d/My_abc_work/abc/iwls26/results/ex289_015.aig
862	/mnt/d/My_abc_work/abc/iwls26/results/ex289_014.aig
866	/mnt/d/My_abc_work/abc/iwls26/results/ex288_014.aig
868	/mnt/d/My_abc_work/abc/iwls26/results/ex289_013.aig
878	/mnt/d/My_abc_work/abc/iwls26/results/ex247_013.aig
879	/mnt/d/My_abc_work/abc/iwls26/results/ex283_013.aig
880	/mnt/d/My_abc_work/abc/iwls26/results/ex256_024.aig
882	/mnt/d/My_abc_work/abc/iwls26/results/ex212_010.aig
885	/mnt/d/My_abc_work/abc/iwls26/results/ex288_012.aig
892	/mnt/d/My_abc_work/abc/iwls26/results/ex256_023.aig
893	/mnt/d/My_abc_work/abc/iwls26/results/ex256_022.aig
894	/mnt/d/My_abc_work/abc/iwls26/results/ex248_019.aig
900	/mnt/d/My_abc_work/abc/iwls26/results/ex248_018.aig
900	/mnt/d/My_abc_work/abc/iwls26/results/ex256_021.aig
910	/mnt/d/My_abc_work/abc/iwls26/results/ex212_009.aig
911	/mnt/d/My_abc_work/abc/iwls26/results/ex216_017.aig
913	/mnt/d/My_abc_work/abc/iwls26/results/ex256_020.aig
914	/mnt/d/My_abc_work/abc/iwls26/results/ex216_018.aig
918	/mnt/d/My_abc_work/abc/iwls26/results/ex216_016.aig
918	/mnt/d/My_abc_work/abc/iwls26/results/ex277_010.aig
918	/mnt/d/My_abc_work/abc/iwls26/results/ex282_013.aig
926	/mnt/d/My_abc_work/abc/iwls26/results/ex216_015.aig
928	/mnt/d/My_abc_work/abc/iwls26/results/ex247_012.aig
930	/mnt/d/My_abc_work/abc/iwls26/results/ex288_011.aig
933	/mnt/d/My_abc_work/abc/iwls26/results/ex215_016.aig
933	/mnt/d/My_abc_work/abc/iwls26/results/ex248_017.aig
936	/mnt/d/My_abc_work/abc/iwls26/results/ex215_015.aig
942	/mnt/d/My_abc_work/abc/iwls26/results/ex211_009.aig
943	/mnt/d/My_abc_work/abc/iwls26/results/ex215_013.aig
944	/mnt/d/My_abc_work/abc/iwls26/results/ex216_014.aig
950	/mnt/d/My_abc_work/abc/iwls26/results/ex215_012.aig
950	/mnt/d/My_abc_work/abc/iwls26/results/ex248_016.aig
952	/mnt/d/My_abc_work/abc/iwls26/results/ex213_010.aig
954	/mnt/d/My_abc_work/abc/iwls26/results/ex216_013.aig
961	/mnt/d/My_abc_work/abc/iwls26/results/ex214_009.aig
966	/mnt/d/My_abc_work/abc/iwls26/results/ex289_012.aig
968	/mnt/d/My_abc_work/abc/iwls26/results/ex216_012.aig
985	/mnt/d/My_abc_work/abc/iwls26/results/ex215_011.aig
993	/mnt/d/My_abc_work/abc/iwls26/results/ex284_015.aig
1004	/mnt/d/My_abc_work/abc/iwls26/results/ex216_011.aig
1010	/mnt/d/My_abc_work/abc/iwls26/results/ex218_014.aig
1014	/mnt/d/My_abc_work/abc/iwls26/results/ex256_019.aig
1020	/mnt/d/My_abc_work/abc/iwls26/results/ex218_013.aig
1024	/mnt/d/My_abc_work/abc/iwls26/results/ex215_010.aig
1034	/mnt/d/My_abc_work/abc/iwls26/results/ex212_008.aig
1035	/mnt/d/My_abc_work/abc/iwls26/results/ex218_016.aig
1055	/mnt/d/My_abc_work/abc/iwls26/results/ex218_012.aig
1066	/mnt/d/My_abc_work/abc/iwls26/results/ex284_014.aig
1072	/mnt/d/My_abc_work/abc/iwls26/results/ex218_011.aig
1086	/mnt/d/My_abc_work/abc/iwls26/results/ex289_011.aig
1092	/mnt/d/My_abc_work/abc/iwls26/results/ex217_019.aig
1097	/mnt/d/My_abc_work/abc/iwls26/results/ex217_020.aig
1097	/mnt/d/My_abc_work/abc/iwls26/results/ex244_019.aig
1116	/mnt/d/My_abc_work/abc/iwls26/results/ex217_017.aig
1131	/mnt/d/My_abc_work/abc/iwls26/results/ex244_015.aig
1148	/mnt/d/My_abc_work/abc/iwls26/results/ex256_018.aig
1155	/mnt/d/My_abc_work/abc/iwls26/results/ex217_016.aig
1163	/mnt/d/My_abc_work/abc/iwls26/results/ex216_010.aig
1187	/mnt/d/My_abc_work/abc/iwls26/results/ex217_015.aig
1194	/mnt/d/My_abc_work/abc/iwls26/results/ex244_014.aig
1195	/mnt/d/My_abc_work/abc/iwls26/results/ex219_021.aig
1195	/mnt/d/My_abc_work/abc/iwls26/results/ex256_017.aig
1196	/mnt/d/My_abc_work/abc/iwls26/results/ex248_015.aig
1197	/mnt/d/My_abc_work/abc/iwls26/results/ex270_009.aig
1210	/mnt/d/My_abc_work/abc/iwls26/results/ex244_013.aig
1241	/mnt/d/My_abc_work/abc/iwls26/results/ex219_018.aig
1248	/mnt/d/My_abc_work/abc/iwls26/results/ex216_009.aig
1248	/mnt/d/My_abc_work/abc/iwls26/results/ex219_016.aig
1255	/mnt/d/My_abc_work/abc/iwls26/results/ex244_012.aig
1268	/mnt/d/My_abc_work/abc/iwls26/results/ex219_015.aig
1277	/mnt/d/My_abc_work/abc/iwls26/results/ex217_014.aig
1282	/mnt/d/My_abc_work/abc/iwls26/results/ex284_013.aig
1292	/mnt/d/My_abc_work/abc/iwls26/results/ex218_010.aig
1292	/mnt/d/My_abc_work/abc/iwls26/results/ex219_014.aig
1415	/mnt/d/My_abc_work/abc/iwls26/results/ex219_013.aig
1513	/mnt/d/My_abc_work/abc/iwls26/results/ex256_016.aig
1568	/mnt/d/My_abc_work/abc/iwls26/results/ex261_012.aig
1585	/mnt/d/My_abc_work/abc/iwls26/results/ex278_013.aig
1592	/mnt/d/My_abc_work/abc/iwls26/results/ex278_012.aig
1628	/mnt/d/My_abc_work/abc/iwls26/results/ex261_011.aig
1711	/mnt/d/My_abc_work/abc/iwls26/results/ex256_013.aig
1712	/mnt/d/My_abc_work/abc/iwls26/results/ex256_015.aig
1717	/mnt/d/My_abc_work/abc/iwls26/results/ex256_014.aig
1732	/mnt/d/My_abc_work/abc/iwls26/results/ex256_012.aig
1831	/mnt/d/My_abc_work/abc/iwls26/results/ex268_015.aig
1861	/mnt/d/My_abc_work/abc/iwls26/results/ex268_013.aig
1863	/mnt/d/My_abc_work/abc/iwls26/results/ex268_014.aig
1903	/mnt/d/My_abc_work/abc/iwls26/results/ex245_017.aig
1906	/mnt/d/My_abc_work/abc/iwls26/results/ex245_016.aig
1927	/mnt/d/My_abc_work/abc/iwls26/results/ex245_015.aig
1968	/mnt/d/My_abc_work/abc/iwls26/results/ex245_014.aig
2048	/mnt/d/My_abc_work/abc/iwls26/results/ex209_015.aig
2056	/mnt/d/My_abc_work/abc/iwls26/results/ex242_015.aig
2067	/mnt/d/My_abc_work/abc/iwls26/results/ex242_016.aig
2068	/mnt/d/My_abc_work/abc/iwls26/results/ex242_014.aig
2083	/mnt/d/My_abc_work/abc/iwls26/results/ex209_014.aig
2088	/mnt/d/My_abc_work/abc/iwls26/results/ex242_013.aig
2098	/mnt/d/My_abc_work/abc/iwls26/results/ex209_013.aig
2109	/mnt/d/My_abc_work/abc/iwls26/results/ex209_012.aig
2177	/mnt/d/My_abc_work/abc/iwls26/results/ex245_013.aig
2462	/mnt/d/My_abc_work/abc/iwls26/results/ex241_015.aig
2481	/mnt/d/My_abc_work/abc/iwls26/results/ex241_014.aig
2497	/mnt/d/My_abc_work/abc/iwls26/results/ex241_013.aig
3359	/mnt/d/My_abc_work/abc/iwls26/results/ex279_017.aig
3379	/mnt/d/My_abc_work/abc/iwls26/results/ex279_016.aig
3388	/mnt/d/My_abc_work/abc/iwls26/results/ex279_015.aig
3476	/mnt/d/My_abc_work/abc/iwls26/results/ex271_014.aig
3507	/mnt/d/My_abc_work/abc/iwls26/results/ex271_013.aig
3511	/mnt/d/My_abc_work/abc/iwls26/results/ex279_014.aig
3535	/mnt/d/My_abc_work/abc/iwls26/results/ex271_012.aig
3703	/mnt/d/My_abc_work/abc/iwls26/results/ex269_017.aig
3717	/mnt/d/My_abc_work/abc/iwls26/results/ex269_018.aig
3749	/mnt/d/My_abc_work/abc/iwls26/results/ex269_016.aig
3860	/mnt/d/My_abc_work/abc/iwls26/results/ex269_015.aig
3965	/mnt/d/My_abc_work/abc/iwls26/results/ex248_014.aig
3997	/mnt/d/My_abc_work/abc/iwls26/results/ex231_015.aig
4028	/mnt/d/My_abc_work/abc/iwls26/results/ex231_014.aig
4057	/mnt/d/My_abc_work/abc/iwls26/results/ex231_013.aig
4076	/mnt/d/My_abc_work/abc/iwls26/results/ex231_012.aig
4682	/mnt/d/My_abc_work/abc/iwls26/results/ex201_016.aig
4687	/mnt/d/My_abc_work/abc/iwls26/results/ex201_019.aig
4694	/mnt/d/My_abc_work/abc/iwls26/results/ex201_015.aig
4695	/mnt/d/My_abc_work/abc/iwls26/results/ex201_017.aig
4755	/mnt/d/My_abc_work/abc/iwls26/results/ex201_014.aig
4853	/mnt/d/My_abc_work/abc/iwls26/results/ex201_013.aig
4905	/mnt/d/My_abc_work/abc/iwls26/results/ex232_015.aig
4912	/mnt/d/My_abc_work/abc/iwls26/results/ex232_014.aig
4927	/mnt/d/My_abc_work/abc/iwls26/results/ex232_013.aig
5033	/mnt/d/My_abc_work/abc/iwls26/results/ex232_012.aig
5137	/mnt/d/My_abc_work/abc/iwls26/results/ex234_015.aig
5140	/mnt/d/My_abc_work/abc/iwls26/results/ex234_014.aig
5144	/mnt/d/My_abc_work/abc/iwls26/results/ex234_013.aig
5258	/mnt/d/My_abc_work/abc/iwls26/results/ex234_012.aig
5730	/mnt/d/My_abc_work/abc/iwls26/results/ex240_022.aig
5732	/mnt/d/My_abc_work/abc/iwls26/results/ex240_019.aig
5748	/mnt/d/My_abc_work/abc/iwls26/results/ex240_020.aig
5784	/mnt/d/My_abc_work/abc/iwls26/results/ex240_018.aig
5814	/mnt/d/My_abc_work/abc/iwls26/results/ex238_013.aig
5835	/mnt/d/My_abc_work/abc/iwls26/results/ex240_017.aig
5975	/mnt/d/My_abc_work/abc/iwls26/results/ex240_016.aig
6046	/mnt/d/My_abc_work/abc/iwls26/results/ex262_015.aig
6076	/mnt/d/My_abc_work/abc/iwls26/results/ex262_014.aig
6114	/mnt/d/My_abc_work/abc/iwls26/results/ex204_019.aig
6122	/mnt/d/My_abc_work/abc/iwls26/results/ex204_020.aig
6141	/mnt/d/My_abc_work/abc/iwls26/results/ex204_017.aig
6169	/mnt/d/My_abc_work/abc/iwls26/results/ex204_016.aig
6211	/mnt/d/My_abc_work/abc/iwls26/results/ex204_015.aig
6267	/mnt/d/My_abc_work/abc/iwls26/results/ex233_017.aig
6271	/mnt/d/My_abc_work/abc/iwls26/results/ex233_016.aig
6302	/mnt/d/My_abc_work/abc/iwls26/results/ex233_015.aig
6310	/mnt/d/My_abc_work/abc/iwls26/results/ex233_014.aig
6353	/mnt/d/My_abc_work/abc/iwls26/results/ex204_014.aig
6403	/mnt/d/My_abc_work/abc/iwls26/results/ex236_015.aig
6439	/mnt/d/My_abc_work/abc/iwls26/results/ex236_014.aig
6477	/mnt/d/My_abc_work/abc/iwls26/results/ex236_013.aig
6480	/mnt/d/My_abc_work/abc/iwls26/results/ex235_015.aig
6480	/mnt/d/My_abc_work/abc/iwls26/results/ex235_016.aig
6514	/mnt/d/My_abc_work/abc/iwls26/results/ex233_013.aig
6527	/mnt/d/My_abc_work/abc/iwls26/results/ex235_014.aig
6651	/mnt/d/My_abc_work/abc/iwls26/results/ex235_013.aig
6974	/mnt/d/My_abc_work/abc/iwls26/results/ex257_017.aig
7031	/mnt/d/My_abc_work/abc/iwls26/results/ex257_016.aig
7098	/mnt/d/My_abc_work/abc/iwls26/results/ex257_015.aig
7245	/mnt/d/My_abc_work/abc/iwls26/results/ex257_014.aig
8158	/mnt/d/My_abc_work/abc/iwls26/results/ex210_016.aig
8163	/mnt/d/My_abc_work/abc/iwls26/results/ex208_016.aig
8180	/mnt/d/My_abc_work/abc/iwls26/results/ex208_015.aig
8182	/mnt/d/My_abc_work/abc/iwls26/results/ex210_015.aig
8230	/mnt/d/My_abc_work/abc/iwls26/results/ex210_014.aig
8255	/mnt/d/My_abc_work/abc/iwls26/results/ex208_014.aig
8309	/mnt/d/My_abc_work/abc/iwls26/results/ex208_013.aig
8356	/mnt/d/My_abc_work/abc/iwls26/results/ex210_013.aig
8552	/mnt/d/My_abc_work/abc/iwls26/results/ex254_021.aig
8568	/mnt/d/My_abc_work/abc/iwls26/results/ex254_020.aig
8609	/mnt/d/My_abc_work/abc/iwls26/results/ex237_022.aig
8630	/mnt/d/My_abc_work/abc/iwls26/results/ex237_021.aig
8632	/mnt/d/My_abc_work/abc/iwls26/results/ex237_020.aig
8761	/mnt/d/My_abc_work/abc/iwls26/results/ex237_019.aig
8769	/mnt/d/My_abc_work/abc/iwls26/results/ex254_018.aig
8769	/mnt/d/My_abc_work/abc/iwls26/results/ex254_019.aig
9039	/mnt/d/My_abc_work/abc/iwls26/results/ex239_022.aig
9069	/mnt/d/My_abc_work/abc/iwls26/results/ex239_023.aig
9109	/mnt/d/My_abc_work/abc/iwls26/results/ex239_021.aig
9215	/mnt/d/My_abc_work/abc/iwls26/results/ex239_020.aig
9244	/mnt/d/My_abc_work/abc/iwls26/results/ex254_017.aig
9573	/mnt/d/My_abc_work/abc/iwls26/results/ex239_019.aig
10299	/mnt/d/My_abc_work/abc/iwls26/results/ex239_018.aig
13160	/mnt/d/My_abc_work/abc/iwls26/results/ex250_021.aig
13225	/mnt/d/My_abc_work/abc/iwls26/results/ex250_020.aig
13298	/mnt/d/My_abc_work/abc/iwls26/results/ex250_019.aig
13607	/mnt/d/My_abc_work/abc/iwls26/results/ex290_017.aig
13663	/mnt/d/My_abc_work/abc/iwls26/results/ex250_018.aig
13715	/mnt/d/My_abc_work/abc/iwls26/results/ex290_015.aig
13787	/mnt/d/My_abc_work/abc/iwls26/results/ex290_014.aig
13840	/mnt/d/My_abc_work/abc/iwls26/results/ex290_013.aig
14366	/mnt/d/My_abc_work/abc/iwls26/results/ex202_016.aig
14376	/mnt/d/My_abc_work/abc/iwls26/results/ex202_017.aig
14423	/mnt/d/My_abc_work/abc/iwls26/results/ex202_015.aig
14581	/mnt/d/My_abc_work/abc/iwls26/results/ex202_014.aig
14793	/mnt/d/My_abc_work/abc/iwls26/results/ex200_017.aig
14846	/mnt/d/My_abc_work/abc/iwls26/results/ex200_016.aig
14909	/mnt/d/My_abc_work/abc/iwls26/results/ex200_015.aig
14958	/mnt/d/My_abc_work/abc/iwls26/results/ex229_018.aig
15027	/mnt/d/My_abc_work/abc/iwls26/results/ex229_017.aig
15103	/mnt/d/My_abc_work/abc/iwls26/results/ex229_016.aig
15363	/mnt/d/My_abc_work/abc/iwls26/results/ex229_015.aig
15496	/mnt/d/My_abc_work/abc/iwls26/results/ex272_017.aig
15525	/mnt/d/My_abc_work/abc/iwls26/results/ex272_016.aig
16529	/mnt/d/My_abc_work/abc/iwls26/results/ex272_015.aig
16744	/mnt/d/My_abc_work/abc/iwls26/results/ex272_014.aig
17773	/mnt/d/My_abc_work/abc/iwls26/results/ex291_016.aig
17934	/mnt/d/My_abc_work/abc/iwls26/results/ex291_015.aig
18141	/mnt/d/My_abc_work/abc/iwls26/results/ex291_014.aig
18617	/mnt/d/My_abc_work/abc/iwls26/results/ex243_018.aig
18626	/mnt/d/My_abc_work/abc/iwls26/results/ex243_017.aig
18630	/mnt/d/My_abc_work/abc/iwls26/results/ex243_016.aig
18795	/mnt/d/My_abc_work/abc/iwls26/results/ex243_015.aig
20135	/mnt/d/My_abc_work/abc/iwls26/results/ex203_019.aig
20230	/mnt/d/My_abc_work/abc/iwls26/results/ex203_020.aig
20271	/mnt/d/My_abc_work/abc/iwls26/results/ex203_018.aig
20374	/mnt/d/My_abc_work/abc/iwls26/results/ex203_017.aig
20694	/mnt/d/My_abc_work/abc/iwls26/results/ex205_020.aig
20825	/mnt/d/My_abc_work/abc/iwls26/results/ex205_018.aig
20960	/mnt/d/My_abc_work/abc/iwls26/results/ex205_017.aig
21515	/mnt/d/My_abc_work/abc/iwls26/results/ex237_018.aig
21549	/mnt/d/My_abc_work/abc/iwls26/results/ex237_017.aig
21551	/mnt/d/My_abc_work/abc/iwls26/results/ex292_017.aig
21579	/mnt/d/My_abc_work/abc/iwls26/results/ex292_016.aig
21717	/mnt/d/My_abc_work/abc/iwls26/results/ex237_016.aig
21722	/mnt/d/My_abc_work/abc/iwls26/results/ex292_015.aig
21732	/mnt/d/My_abc_work/abc/iwls26/results/ex250_017.aig
22040	/mnt/d/My_abc_work/abc/iwls26/results/ex250_016.aig
22216	/mnt/d/My_abc_work/abc/iwls26/results/ex292_014.aig
22358	/mnt/d/My_abc_work/abc/iwls26/results/ex250_015.aig
23090	/mnt/d/My_abc_work/abc/iwls26/results/ex263_020.aig
23146	/mnt/d/My_abc_work/abc/iwls26/results/ex263_019.aig
23237	/mnt/d/My_abc_work/abc/iwls26/results/ex263_018.aig
23661	/mnt/d/My_abc_work/abc/iwls26/results/ex263_017.aig
27400	/mnt/d/My_abc_work/abc/iwls26/results/ex296_019.aig
27413	/mnt/d/My_abc_work/abc/iwls26/results/ex296_017.aig
27450	/mnt/d/My_abc_work/abc/iwls26/results/ex296_018.aig
27560	/mnt/d/My_abc_work/abc/iwls26/results/ex296_016.aig
27920	/mnt/d/My_abc_work/abc/iwls26/results/ex293_018.aig
27929	/mnt/d/My_abc_work/abc/iwls26/results/ex293_017.aig
27936	/mnt/d/My_abc_work/abc/iwls26/results/ex296_015.aig
27968	/mnt/d/My_abc_work/abc/iwls26/results/ex293_016.aig
28347	/mnt/d/My_abc_work/abc/iwls26/results/ex293_015.aig
29007	/mnt/d/My_abc_work/abc/iwls26/results/ex293_014.aig
29082	/mnt/d/My_abc_work/abc/iwls26/results/ex295_017.aig
29097	/mnt/d/My_abc_work/abc/iwls26/results/ex295_016.aig
29190	/mnt/d/My_abc_work/abc/iwls26/results/ex295_015.aig
29402	/mnt/d/My_abc_work/abc/iwls26/results/ex295_014.aig
29670	/mnt/d/My_abc_work/abc/iwls26/results/ex251_017.aig
29775	/mnt/d/My_abc_work/abc/iwls26/results/ex251_016.aig
31032	/mnt/d/My_abc_work/abc/iwls26/results/ex258_020.aig
31170	/mnt/d/My_abc_work/abc/iwls26/results/ex221_020.aig
31207	/mnt/d/My_abc_work/abc/iwls26/results/ex221_019.aig
31207	/mnt/d/My_abc_work/abc/iwls26/results/ex258_019.aig
31230	/mnt/d/My_abc_work/abc/iwls26/results/ex221_022.aig
31312	/mnt/d/My_abc_work/abc/iwls26/results/ex258_018.aig
31328	/mnt/d/My_abc_work/abc/iwls26/results/ex221_018.aig
31709	/mnt/d/My_abc_work/abc/iwls26/results/ex221_017.aig
31890	/mnt/d/My_abc_work/abc/iwls26/results/ex258_017.aig
33180	/mnt/d/My_abc_work/abc/iwls26/results/ex294_017.aig
33253	/mnt/d/My_abc_work/abc/iwls26/results/ex228_019.aig
33287	/mnt/d/My_abc_work/abc/iwls26/results/ex228_018.aig
33631	/mnt/d/My_abc_work/abc/iwls26/results/ex228_017.aig
33874	/mnt/d/My_abc_work/abc/iwls26/results/ex228_016.aig
33896	/mnt/d/My_abc_work/abc/iwls26/results/ex294_016.aig
34223	/mnt/d/My_abc_work/abc/iwls26/results/ex294_015.aig
34508	/mnt/d/My_abc_work/abc/iwls26/results/ex294_014.aig
54950	/mnt/d/My_abc_work/abc/iwls26/results/ex273_021.aig
54984	/mnt/d/My_abc_work/abc/iwls26/results/ex273_019.aig
55336	/mnt/d/My_abc_work/abc/iwls26/results/ex273_018.aig
56869	/mnt/d/My_abc_work/abc/iwls26/results/ex273_017.aig
72384	/mnt/d/My_abc_work/abc/iwls26/results/ex230_019.aig
72725	/mnt/d/My_abc_work/abc/iwls26/results/ex230_023.aig
73048	/mnt/d/My_abc_work/abc/iwls26/results/ex230_018.aig
75140	/mnt/d/My_abc_work/abc/iwls26/results/ex230_017.aig
106750	/mnt/d/My_abc_work/abc/iwls26/results/ex224_022.aig
106881	/mnt/d/My_abc_work/abc/iwls26/results/ex224_021.aig
107080	/mnt/d/My_abc_work/abc/iwls26/results/ex224_020.aig
108202	/mnt/d/My_abc_work/abc/iwls26/results/ex224_019.aig
119419	/mnt/d/My_abc_work/abc/iwls26/results/ex220_021.aig
119705	/mnt/d/My_abc_work/abc/iwls26/results/ex220_020.aig
119939	/mnt/d/My_abc_work/abc/iwls26/results/ex220_019.aig
120725	/mnt/d/My_abc_work/abc/iwls26/results/ex222_021.aig
121053	/mnt/d/My_abc_work/abc/iwls26/results/ex222_020.aig
121937	/mnt/d/My_abc_work/abc/iwls26/results/ex222_019.aig
121974	/mnt/d/My_abc_work/abc/iwls26/results/ex220_018.aig
123588	/mnt/d/My_abc_work/abc/iwls26/results/ex222_018.aig
146343	/mnt/d/My_abc_work/abc/iwls26/results/ex252_022.aig
146524	/mnt/d/My_abc_work/abc/iwls26/results/ex252_021.aig
155813	/mnt/d/My_abc_work/abc/iwls26/results/ex225_022.aig
156409	/mnt/d/My_abc_work/abc/iwls26/results/ex225_021.aig
157672	/mnt/d/My_abc_work/abc/iwls26/results/ex225_020.aig
160516	/mnt/d/My_abc_work/abc/iwls26/results/ex223_022.aig
161183	/mnt/d/My_abc_work/abc/iwls26/results/ex223_021.aig
162749	/mnt/d/My_abc_work/abc/iwls26/results/ex223_020.aig
162922	/mnt/d/My_abc_work/abc/iwls26/results/ex252_020.aig
199913	/mnt/d/My_abc_work/abc/iwls26/results/ex264_023.aig
200194	/mnt/d/My_abc_work/abc/iwls26/results/ex264_027.aig
201927	/mnt/d/My_abc_work/abc/iwls26/results/ex264_022.aig
203538	/mnt/d/My_abc_work/abc/iwls26/results/ex264_021.aig
205177	/mnt/d/My_abc_work/abc/iwls26/results/ex264_020.aig
259871	/mnt/d/My_abc_work/abc/iwls26/results/ex206_023.aig
260630	/mnt/d/My_abc_work/abc/iwls26/results/ex206_020.aig
265661	/mnt/d/My_abc_work/abc/iwls26/results/ex297_020.aig
272643	/mnt/d/My_abc_work/abc/iwls26/results/ex297_019.aig
280879	/mnt/d/My_abc_work/abc/iwls26/results/ex259_024.aig
283241	/mnt/d/My_abc_work/abc/iwls26/results/ex259_023.aig
286936	/mnt/d/My_abc_work/abc/iwls26/results/ex259_022.aig
290605	/mnt/d/My_abc_work/abc/iwls26/results/ex259_021.aig
302481	/mnt/d/My_abc_work/abc/iwls26/results/ex298_021.aig
304336	/mnt/d/My_abc_work/abc/iwls26/results/ex298_020.aig
312630	/mnt/d/My_abc_work/abc/iwls26/results/ex226_023.aig
315376	/mnt/d/My_abc_work/abc/iwls26/results/ex298_019.aig
319256	/mnt/d/My_abc_work/abc/iwls26/results/ex226_021.aig
324714	/mnt/d/My_abc_work/abc/iwls26/results/ex226_020.aig
364151	/mnt/d/My_abc_work/abc/iwls26/results/ex227_023.aig
367650	/mnt/d/My_abc_work/abc/iwls26/results/ex227_022.aig
373338	/mnt/d/My_abc_work/abc/iwls26/results/ex227_020.aig
379719	/mnt/d/My_abc_work/abc/iwls26/results/ex207_023.aig
380180	/mnt/d/My_abc_work/abc/iwls26/results/ex207_020.aig
399830	/mnt/d/My_abc_work/abc/iwls26/results/ex207_019.aig
416574	/mnt/d/My_abc_work/abc/iwls26/results/ex274_023.aig
417100	/mnt/d/My_abc_work/abc/iwls26/results/ex274_024.aig
417367	/mnt/d/My_abc_work/abc/iwls26/results/ex274_030.aig
419899	/mnt/d/My_abc_work/abc/iwls26/results/ex274_022.aig
422695	/mnt/d/My_abc_work/abc/iwls26/results/ex274_021.aig
1185139	/mnt/d/My_abc_work/abc/iwls26/results/ex299_024.aig
1239623	/mnt/d/My_abc_work/abc/iwls26/results/ex299_022.aig
1240807	/mnt/d/My_abc_work/abc/iwls26/results/ex299_023.aig
1259846	/mnt/d/My_abc_work/abc/iwls26/results/ex299_021.aig
